"","X","Page","ID_Husband","Husband","Husband_Ar","H_Branch","H_Nasab_1","H_Nasab_2","H_Nasab_3","H_Nasab_4","H_Nasab_5","H_Nasab_6","End_Date_AH","End_Date_CE","Generation","ID_Wife","Wife","Wife_Ar","W_Tribe","W_Branch","W_Nasab_1","W_Nasab_2","W_Nasab_3","W_Nasab_4","W_Nasab_5","W_Nasab_6","W_Nasab_7","W_Nasab_8","W_Nasab_9","W_Husband_ID","W_Generation","ID_Child","Child","Child_Ar","Child_Generation","C_Father_ID","C_Mother_ID"
"1",235,353,"AKM_0219","Muhammad","محمد بن عمر بن محمد بن عمر بن علي بن الحسين بن علي بن أبي طالب بن عبد المطلب","Husaynid","Umar","Muhammad","Umar","AKM_0144_IMAM4","AKM_0003_IMAM3","AKM_0001_IMAM1","251","865",7,"AKM_1164","Ulayya","علية بنت الحسين بن عيسى بن زيد بن علي بن الحسين بن علي بن أبي طالب","Quaysh","Husaynid","Husayn","Isa","Zayd","AKM_0144_IMAM4","AKM_0003_IMAM3","AKM_0001_IMAM1","Abu_Talib","Abd_alMuttalib",NA,"AKM_0219",7,"AKM_0220","Ali","علي بن محمد بن عمر بن محمد بن عمر بن علي بن الحسين بن علي بن أبي طالب بن عبد المطلب",8,"AKM_0219","AKM_1164"
"2",236,353,"AKM_0148","Zayd","زيد بن علي بن الحسين بن علي بن أبي طالب بن عبد المطلب","Husaynid","AKM_0144_IMAM4","AKM_0003_IMAM3","AKM_0001_IMAM1","Abu_Talib","Abd_alMuttalib",NA,NA,NA,4,"AKM_1165_UW","Umm_Walad","أم ولد",NA,NA,NA,NA,NA,NA,NA,NA,NA,NA,NA,"AKM_0148",NA,"AKM_0221","Husayn","الحسين بن زيد بن علي بن الحسين بن علي بن أبي طالب بن عبد المطلب",5,"AKM_0148","AKM_1165_UW"
"3",237,354,"AKM_0148","Zayd","زيد بن علي بن الحسين بن علي بن أبي طالب بن عبد المطلب","Husaynid","AKM_0144_IMAM4","AKM_0003_IMAM3","AKM_0001_IMAM2","Abu_Talib","Abd_alMuttalib",NA,NA,NA,4,"AKM_1165_UW","Umm_Walad","أم ولد",NA,NA,NA,NA,NA,NA,NA,NA,NA,NA,NA,"AKM_0148",NA,"AKM_0222","Isa","عيسى بن زيد بن علي بن الحسين بن علي بن أبي طالب بن عبد المطلب",5,"AKM_0148","AKM_1165_UW"
"4",238,354,"AKM_0148","Zayd","زيد بن علي بن الحسين بن علي بن أبي طالب بن عبد المطلب","Husaynid","AKM_0144_IMAM4","AKM_0003_IMAM3","AKM_0001_IMAM1","Abu_Talib","Abd_alMuttalib",NA,NA,NA,4,"AKM_1165_UW","Umm_Walad","أم ولد",NA,NA,NA,NA,NA,NA,NA,NA,NA,NA,NA,"AKM_0148",NA,"AKM_0223","Muhammad","محمد بن زيد بن علي بن الحسين بن علي بن أبي طالب بن عبد المطلب",5,"AKM_0148","AKM_1165_UW"
"5",239,354,"AKM_0148","Zayd","زيد بن علي بن الحسين بن علي بن أبي طالب بن عبد المطلب","Husaynid","AKM_0144_IMAM4","AKM_0003_IMAM3","AKM_0001_IMAM1","Abu_Talib","Abd_alMuttalib",NA,NA,NA,4,"AKM_1166","Rayta","ريطة بنت أبي هشام عبد الله بن محمد بن علي بن أبي طالب","Quraysh","Alid","Abdallah","Muhammad","AKM_0001_IMAM1","Abu_Talib","Abd_alMuttalib",NA,NA,NA,NA,"AKM_0148",4,"AKM_0224","Yahya","يحيى بن زيد بن علي بن الحسين بن علي بن أبي طالب بن عبد المطلب",5,"AKM_0148","AKM_1166"
"6",240,354,"AKM_0221","Husayn","الحسين بن زيد بن علي بن الحسين بن علي بن أبي طالب بن عبد المطلب","Husaynid","Zayd","AKM_0144_IMAM4","AKM_0003_IMAM3","AKM_0001_IMAM1","Abu_Talib","Abd_alMuttalib",NA,NA,5,"AKM_1167","Khadija","خديجة بنت عمر بن علي بن الحسين بن علي بن أبي طالب","Quraysh","Husaynid","Umar","Umar","AKM_0144_IMAM4","AKM_0003_IMAM3","AKM_0001_IMAM1","Abu_Talib","Abd_alMuttalib",NA,NA,"AKM_0221",6,"AKM_0225","Yahya","يحيى بن الحسين بن زيد بن علي بن الحسين بن علي بن أبي طالب بن عبد المطلب",6,"AKM_0221","AKM_1167"
"7",241,355,"AKM_0221","Husayn","الحسين بن زيد بن علي بن الحسين بن علي بن أبي طالب بن عبد المطلب","Husaynid","Zayd","AKM_0144_IMAM4","AKM_0003_IMAM3","AKM_0001_IMAM1","Abu_Talib","Abd_alMuttalib",NA,NA,5,"AKM_1168_UW","Umm_Walad","أم ولد شتى",NA,NA,NA,NA,NA,NA,NA,NA,NA,NA,NA,"AKM_0221",NA,"AKM_0226","Ali","علي بن الحسين بن زيد بن علي بن الحسين بن علي بن أبي طالب بن عبد المطلب",6,"AKM_0221","AKM_1168_UW"
"8",242,355,"AKM_0221","Husayn","الحسين بن زيد بن علي بن الحسين بن علي بن أبي طالب بن عبد المطلب","Husaynid","Zayd","AKM_0144_IMAM4","AKM_0003_IMAM3","AKM_0001_IMAM1","Abu_Talib","Abd_alMuttalib",NA,NA,5,"AKM_1169_UW","Umm_Walad","أم ولد شتى",NA,NA,NA,NA,NA,NA,NA,NA,NA,NA,NA,"AKM_0221",NA,"AKM_0227","Muhammad","محمد بن الحسين بن زيد بن علي بن الحسين بن علي بن أبي طالب بن عبد المطلب",6,"AKM_0221","AKM_1169_UW"
"9",243,355,"AKM_0221","Husayn","الحسين بن زيد بن علي بن الحسين بن علي بن أبي طالب بن عبد المطلب","Husaynid","Zayd","AKM_0144_IMAM4","AKM_0003_IMAM3","AKM_0001_IMAM1","Abu_Talib","Abd_alMuttalib",NA,NA,5,"AKM_1170_UW","Umm_Walad","أم ولد شتى",NA,NA,NA,NA,NA,NA,NA,NA,NA,NA,NA,"AKM_0221",NA,"AKM_0228","AbdAllah","عبد الله بن الحسين بن زيد بن علي بن الحسين بن علي بن أبي طالب بن عبد المطلب",6,"AKM_0221","AKM_1170_UW"
"10",244,355,"AKM_0221","Husayn","الحسين بن زيد بن علي بن الحسين بن علي بن أبي طالب بن عبد المطلب","Husaynid","Zayd","AKM_0144_IMAM4","AKM_0003_IMAM3","AKM_0001_IMAM1","Abu_Talib","Abd_alMuttalib",NA,NA,5,"AKM_1171_UW","Umm_Walad","أم ولد شتى",NA,NA,NA,NA,NA,NA,NA,NA,NA,NA,NA,"AKM_0221",NA,"AKM_0229","Qasim","القاسم بن الحسين بن زيد بن علي بن الحسين بن علي بن أبي طالب بن عبد المطلب",6,"AKM_0221","AKM_1171_UW"
"11",245,355,"AKM_0221","Husayn","الحسين بن زيد بن علي بن الحسين بن علي بن أبي طالب بن عبد المطلب","Husaynid","Zayd","AKM_0144_IMAM4","AKM_0003_IMAM3","AKM_0001_IMAM1","Abu_Talib","Abd_alMuttalib",NA,NA,5,"AKM_1172_UW","Umm_Walad","أم ولد شتى",NA,NA,NA,NA,NA,NA,NA,NA,NA,NA,NA,"AKM_0221",NA,"AKM_0230","Husayn","الحسين بن الحسين بن زيد بن علي بن الحسين بن علي بن أبي طالب بن عبد المطلب",6,"AKM_0221","AKM_1172_UW"
"12",246,356,"AKM_0225","Yahya","يحيى بن الحسين بن زيد بن علي بن الحسين بن علي بن أبي طالب بن عبد المطلب","Husaynid","Husayn","Zayd","AKM_0144_IMAM4","AKM_0003_IMAM3","AKM_0001_IMAM1","Abu_Talib",NA,NA,6,"AKM_1161","Safiyya","صفية بنت موسى بن عمر بن علي بن الحسين بن علي بن أبي طالب","Quraysh","Husaynid","Musa","Umar","AKM_0144_IMAM4","AKM_0003_IMAM3","AKM_0001_IMAM1","Abu_Talib",NA,NA,NA,"AKM_0225",6,"AKM_0231","Ahmad","أحمد بن يحيى بن الحسين بن زيد بن علي بن الحسين بن علي بن أبي طالب بن عبد المطلب",7,"AKM_0225","AKM_1161"
"13",247,356,"AKM_0225","Yahya","يحيى بن الحسين بن زيد بن علي بن الحسين بن علي بن أبي طالب بن عبد المطلب","Husaynid","Husayn","Zayd","AKM_0144_IMAM4","AKM_0003_IMAM3","AKM_0001_IMAM1","Abu_Talib",NA,NA,6,"AKM_1174_UW","Umm_Walad","أم ولد شتى",NA,NA,NA,NA,NA,NA,NA,NA,NA,NA,NA,"AKM_0225",NA,"AKM_0232","Muhammad","محمد بن يحيى بن الحسين بن زيد بن علي بن الحسين بن علي بن أبي طالب بن عبد المطلب",7,"AKM_0225","AKM_1174_UW"
"14",248,356,"AKM_0225","Yahya","يحيى بن الحسين بن زيد بن علي بن الحسين بن علي بن أبي طالب بن عبد المطلب","Husaynid","Husayn","Zayd","AKM_0144_IMAM4","AKM_0003_IMAM3","AKM_0001_IMAM1","Abu_Talib",NA,NA,6,"AKM_1175_UW","Umm_Walad","أم ولد شتى",NA,NA,NA,NA,NA,NA,NA,NA,NA,NA,NA,"AKM_0225",NA,"AKM_0233","Ali","علي بن يحيى بن الحسين بن زيد بن علي بن الحسين بن علي بن أبي طالب بن عبد المطلب",7,"AKM_0225","AKM_1175_UW"
"15",249,356,"AKM_0225","Yahya","يحيى بن الحسين بن زيد بن علي بن الحسين بن علي بن أبي طالب بن عبد المطلب","Husaynid","Husayn","Zayd","AKM_0144_IMAM4","AKM_0003_IMAM3","AKM_0001_IMAM1","Abu_Talib",NA,NA,6,"AKM_1176_UW","Umm_Walad","أم ولد شتى",NA,NA,NA,NA,NA,NA,NA,NA,NA,NA,NA,"AKM_0225",NA,"AKM_0234","Umar","عمر بن يحيى بن الحسين بن زيد بن علي بن الحسين بن علي بن أبي طالب بن عبد المطلب",7,"AKM_0225","AKM_1176_UW"
"16",250,356,"AKM_0225","Yahya","يحيى بن الحسين بن زيد بن علي بن الحسين بن علي بن أبي طالب بن عبد المطلب","Husaynid","Husayn","Zayd","AKM_0144_IMAM4","AKM_0003_IMAM3","AKM_0001_IMAM1","Abu_Talib",NA,NA,6,"AKM_1177_UW","Umm_Walad","أم ولد شتى",NA,NA,NA,NA,NA,NA,NA,NA,NA,NA,NA,"AKM_0225",NA,"AKM_0235","Isa","عيسى بن يحيى بن الحسين بن زيد بن علي بن الحسين بن علي بن أبي طالب بن عبد المطلب",7,"AKM_0225","AKM_1177_UW"
"17",251,356,"AKM_0225","Yahya","يحيى بن الحسين بن زيد بن علي بن الحسين بن علي بن أبي طالب بن عبد المطلب","Husaynid","Husayn","Zayd","AKM_0144_IMAM4","AKM_0003_IMAM3","AKM_0001_IMAM1","Abu_Talib",NA,NA,6,"AKM_1178_UW","Umm_Walad","أم ولد شتى",NA,NA,NA,NA,NA,NA,NA,NA,NA,NA,NA,"AKM_0225",NA,"AKM_0236","Hasan","الحسن بن يحيى بن الحسين بن زيد بن علي بن الحسين بن علي بن أبي طالب بن عبد المطلب",7,"AKM_0225","AKM_1178_UW"
"18",252,356,"AKM_0225","Yahya","يحيى بن الحسين بن زيد بن علي بن الحسين بن علي بن أبي طالب بن عبد المطلب","Husaynid","Husayn","Zayd","AKM_0144_IMAM4","AKM_0003_IMAM3","AKM_0001_IMAM1","Abu_Talib",NA,NA,6,"AKM_1179_UW","Umm_Walad","أم ولد شتى",NA,NA,NA,NA,NA,NA,NA,NA,NA,NA,NA,"AKM_0225",NA,"AKM_0237","Hamza","حمزة بن يحيى بن الحسين بن زيد بن علي بن الحسين بن علي بن أبي طالب بن عبد المطلب",7,"AKM_0225","AKM_1179_UW"
"19",253,357,"AKM_0225","Yahya","يحيى بن الحسين بن زيد بن علي بن الحسين بن علي بن أبي طالب بن عبد المطلب","Husaynid","Husayn","Zayd","AKM_0144_IMAM4","AKM_0003_IMAM3","AKM_0001_IMAM1","Abu_Talib",NA,NA,6,"AKM_1180_UW","Umm_Walad","أم ولد شتى",NA,NA,NA,NA,NA,NA,NA,NA,NA,NA,NA,"AKM_0225",NA,"AKM_0238","Yahya","يحيى بن يحيى بن الحسين بن زيد بن علي بن الحسين بن علي بن أبي طالب بن عبد المطلب",7,"AKM_0225","AKM_1180_UW"
"20",254,364,"AKM_0225","Yahya","يحيى بن الحسين بن زيد بن علي بن الحسين بن علي بن أبي طالب بن عبد المطلب","Husaynid","Husayn","Zayd","AKM_0144_IMAM4","AKM_0003_IMAM3","AKM_0001_IMAM1","Abu_Talib",NA,NA,6,NA,NA,NA,NA,NA,NA,NA,NA,NA,NA,NA,NA,NA,NA,"AKM_0225",NA,"AKM_1213","Umm_Ali","أم علي بنت يحيى بن الحسين بن زيد بن علي بن الحسين بن علي بن أبي طالب",7,"AKM_0225",NA
"21",255,357,"AKM_0231","Ahmad","أحمد بن يحيى بن الحسين بن زيد بن علي بن الحسين بن علي بن أبي طالب بن عبد المطلب","Husaynid","Yahya","Husayn","Zayd","AKM_0144_IMAM4","AKM_0003_IMAM3","AKM_0001_IMAM1",NA,NA,7,"AKM_1135","Umm_alHasan","أم الحسن بنت حمزة بن القاسم بن الحسن بن زيد بن الحسن بن علي بن أبي طالب","Quraysh","Hasanid","Hamza","alQasim","Hasan ","Zayd","AKM_0002_IMAM2","AKM_0001_IMAM1","Abu_Talib","Abd_alMuttalib",NA,"AKM_0231",7,"AKM_0239","Qasim","القاسم بن يحيى بن الحسين بن زيد بن علي بن الحسين بن علي بن أبي طالب بن عبد المطلب",8,"AKM_0231","AKM_1135"
"22",256,357,"AKM_0232","Muhammad","محمد بن يحيى بن الحسين بن زيد بن علي بن الحسين بن علي بن أبي طالب بن عبد المطلب","Husaynid","Yahya","Husayn","Zayd","AKM_0144_IMAM4","AKM_0003_IMAM3","AKM_0001_IMAM1",NA,NA,7,"AKM_1181","Fatima","فاطمة بنت الحسن بن جعفر بن الحسن بن الحسن بن علي بن أبي طالب","Quraysh","Hasanid","Hasan","Jafar","Hasan","AKM_0002_IMAM2","AKM_0001_IMAM1","Abu_Talib","Abd_alMuttalib",NA,NA,"AKM_0232",6,"AKM_0240","Ahmad","أحمد بن محمد بن يحيى بن الحسين بن زيد بن علي بن الحسين بن علي بن أبي طالب بن عبد المطلب",8,"AKM_0232","AKM_1181"
"23",257,357,"AKM_0232","Muhammad","محمد بن يحيى بن الحسين بن زيد بن علي بن الحسين بن علي بن أبي طالب بن عبد المطلب","Husaynid","Yahya","Husayn","Zayd","AKM_0144_IMAM4","AKM_0003_IMAM3","AKM_0001_IMAM1",NA,NA,7,"AKM_1182_UW","Umm_Walad","أم ولد شتى",NA,NA,NA,NA,NA,NA,NA,NA,NA,NA,NA,"AKM_0232",NA,"AKM_0241","Husayn","الحسين بن محمد بن يحيى بن الحسين بن زيد بن علي بن الحسين بن علي بن أبي طالب بن عبد المطلب",8,"AKM_0232","AKM_1182_UW"
"24",258,357,"AKM_0232","Muhammad","محمد بن يحيى بن الحسين بن زيد بن علي بن الحسين بن علي بن أبي طالب بن عبد المطلب","Husaynid","Yahya","Husayn","Zayd","AKM_0144_IMAM4","AKM_0003_IMAM3","AKM_0001_IMAM1",NA,NA,7,"AKM_1183_UW","Umm_Walad","أم ولد شتى",NA,NA,NA,NA,NA,NA,NA,NA,NA,NA,NA,"AKM_0232",NA,"AKM_0242","Ali","علي بن محمد بن يحيى بن الحسين بن زيد بن علي بن الحسين بن علي بن أبي طالب بن عبد المطلب",8,"AKM_0232","AKM_1183_UW"
"25",259,357,"AKM_0233","Ali","علي بن يحيى بن الحسين بن زيد بن علي بن الحسين بن علي بن أبي طالب بن عبد المطلب","Husaynid","Yahya","Husayn","Zayd","AKM_0144_IMAM4","AKM_0003_IMAM3","AKM_0001_IMAM1",NA,NA,7,NA,NA,NA,NA,NA,NA,NA,NA,NA,NA,NA,NA,NA,NA,"AKM_0233",NA,"AKM_0243","Muhammad","محمد بن علي بن يحيى بن الحسين بن زيد بن علي بن الحسين بن علي بن أبي طالب بن عبد المطلب",8,"AKM_0233",NA
"26",260,357,"AKM_0234","Umar","عمر بن يحيى بن الحسين بن زيد بن علي بن الحسين بن علي بن أبي طالب بن عبد المطلب","Husaynid","Yahya","Husayn","Zayd","AKM_0144_IMAM4","AKM_0003_IMAM3","AKM_0001_IMAM1",NA,NA,7,"AKM_1088","Umm_Salama","أم سلمة بنت عبد العظيم بن علي بن الحسن بن زيد بن الحسن بن علي بن أبي طالب","Quraysh","Hasanid","Abd_alAzim","Ali","Hasan","Zayd","AKM_0002_IMAM2","AKM_0001_IMAM1","Abu_Talib","Abd_alMuttalib",NA,"AKM_0234",7,"AKM_0244","Muhammad","محمد بن عمر بن يحيى بن الحسين بن زيد بن علي بن الحسين بن علي بن أبي طالب بن عبد المطلب",8,"AKM_0234","AKM_1088"
"27",261,358,"AKM_0234","Umar","عمر بن يحيى بن الحسين بن زيد بن علي بن الحسين بن علي بن أبي طالب بن عبد المطلب","Husaynid","Yahya","Husayn","Zayd","AKM_0144_IMAM4","AKM_0003_IMAM3","AKM_0001_IMAM1",NA,NA,7,"AKM_1093","Umm_alHasan","أم الحسن بنت عبد العظيم بن علي بن الحسن بن زيد بن الحسن بن علي بن أبي طالب","Quraysh","Hasanid","Abd_alAzim","Ali","Hasan","Zayd","AKM_0002_IMAM2","AKM_0001_IMAM1","Abu_Talib","Abd_alMuttalib",NA,"AKM_0234",7,"AKM_0245","Ahmad","أحمد بن عمر بن يحيى بن الحسين بن زيد بن علي بن الحسين بن علي بن أبي طالب بن عبد المطلب",8,"AKM_0234","AKM_1093"
"28",262,358,"AKM_0234","Umar","عمر بن يحيى بن الحسين بن زيد بن علي بن الحسين بن علي بن أبي طالب بن عبد المطلب","Husaynid","Yahya","Husayn","Zayd","AKM_0144_IMAM4","AKM_0003_IMAM3","AKM_0001_IMAM1",NA,NA,7,"AKM_1184","Umm_alHasan","أم الحسن بنت الحسين بن عبد الله بن إسماعيل بن عبد الله بن جعفر بن أبي طالب","Quraysh","Talibid","Husayn","AbdAllah","Ismail","AbdAllah","Jafar","Abu_Talib","Abd_alMuttalib",NA,NA,"AKM_0234",6,"AKM_0246","Yahya","يحيى بن عمر بن يحيى بن الحسين بن زيد بن علي بن الحسين بن علي بن أبي طالب بن عبد المطلب",8,"AKM_0234","AKM_1184"
"29",263,358,"AKM_0235","Isa","عيسى بن يحيى بن الحسين بن زيد بن علي بن الحسين بن علي بن أبي طالب بن عبد المطلب","Husaynid","Yahya","Husayn","Zayd","AKM_0144_IMAM4","AKM_0003_IMAM3","AKM_0001_IMAM1",NA,NA,7,"AKM_1185","Kulthum","كلثوم بنت زيد بن عيسى بن زيد بن علي الحسين بن علي بن أبي طالب","Quraysh","Husaynid","Zayd","Isa","Zayd","AKM_0144_IMAM4","AKM_0003_IMAM3","AKM_0001_IMAM1","Abu_Talib","Abd_alMuttalib",NA,"AKM_0235",7,"AKM_0247","Ahmad","أحمد بن عيسى بن يحيى بن الحسين بن زيد بن علي بن الحسين بن علي بن أبي طالب بن عبد المطلب",8,"AKM_0235","AKM_1185"
"30",264,358,"AKM_0235","Isa","عيسى بن يحيى بن الحسين بن زيد بن علي بن الحسين بن علي بن أبي طالب بن عبد المطلب","Husaynid","Yahya","Husayn","Zayd","AKM_0144_IMAM4","AKM_0003_IMAM3","AKM_0001_IMAM1",NA,NA,7,"AKM_1185","Kulthum","كلثوم بنت زيد بن عيسى بن زيد بن علي الحسين بن علي بن أبي طالب","Quraysh","Husaynid","Zayd","Isa","Zayd","AKM_0144_IMAM4","AKM_0003_IMAM3","AKM_0001_IMAM1","Abu_Talib","Abd_alMuttalib",NA,"AKM_0235",7,"AKM_0248","Ali","علي بن عيسى بن يحيى بن الحسين بن زيد بن علي بن الحسين بن علي بن أبي طالب بن عبد المطلب",8,"AKM_0235","AKM_1185"
"31",265,358,"AKM_0222","Isa","عيسى بن زيد بن علي بن الحسين بن علي بن أبي طالب بن عبد المطلب","Husaynid","Zayd","AKM_0144_IMAM4","AKM_0003_IMAM3","AKM_0001_IMAM1","Abu_Talib",NA,NA,NA,5,NA,NA,NA,NA,NA,NA,NA,NA,NA,NA,NA,NA,NA,NA,"AKM_0222",NA,"AKM_0249","Zayd","زيد بن عيسى بن زيد بن علي بن الحسين بن علي بن أبي طالب بن عبد المطلب",6,"AKM_0222",NA
"32",266,358,"AKM_0249","Zayd","زيد بن عيسى بن زيد بن علي بن الحسين بن علي بن أبي طالب بن عبد المطلب","Husaynid","Isa","Zayd","AKM_0144_IMAM4","AKM_0003_IMAM3","AKM_0001_IMAM1",NA,NA,NA,6,NA,NA,NA,NA,NA,NA,NA,NA,NA,NA,NA,NA,NA,NA,"AKM_0249",NA,"AKM_1185","Kulthum","كلثوم بنت زيد بن عيسى بن زيد بن علي الحسين بن علي بن أبي طالب",7,"AKM_0249",NA
"33",267,359,"AKM_0249","Zayd","زيد بن عيسى بن زيد بن علي بن الحسين بن علي بن أبي طالب بن عبد المطلب","Husaynid","Isa","Zayd","AKM_0144_IMAM4","AKM_0003_IMAM3","AKM_0001_IMAM1",NA,NA,NA,6,NA,NA,NA,NA,NA,NA,NA,NA,NA,NA,NA,NA,NA,NA,"AKM_0249",NA,"AKM_1190","Sukayna","سكينة بنت زيد بن عيسى بن زيد بن علي بن الحسين بن علي بن أبي طالب",7,"AKM_0249",NA
"34",268,359,"AKM_0235","Isa","عيسى بن يحيى بن الحسين بن زيد بن علي بن الحسين بن علي بن أبي طالب بن عبد المطلب","Husaynid","Yahya","Husayn","Zayd","AKM_0144_IMAM4","AKM_0003_IMAM3","AKM_0001_IMAM1",NA,NA,7,"AKM_1186_UW","Umm_Walad","أم ولد",NA,NA,NA,NA,NA,NA,NA,NA,NA,NA,NA,"AKM_0235",NA,"AKM_0250","Muhammad","محمد بن عيسى بن يحيى بن الحسين بن زيد بن علي بن الحسين بن علي بن أبي طالب بن عبد المطلب",8,"AKM_0235","AKM_1186_UW"
"35",269,359,"AKM_0235","Isa","عيسى بن يحيى بن الحسين بن زيد بن علي بن الحسين بن علي بن أبي طالب بن عبد المطلب","Husaynid","Yahya","Husayn","Zayd","AKM_0144_IMAM4","AKM_0003_IMAM3","AKM_0001_IMAM1",NA,NA,7,"AKM_1187_UW","Umm_Walad","أم ولد",NA,NA,NA,NA,NA,NA,NA,NA,NA,NA,NA,"AKM_0235",NA,"AKM_0251","Yahya","يحيى بن عيسى بن يحيى بن الحسين بن زيد بن علي بن الحسين بن علي بن أبي طالب بن عبد المطلب",8,"AKM_0235","AKM_1187_UW"
"36",270,359,"AKM_0236","Hasan","الحسن بن يحيى بن الحسين بن زيد بن علي بن الحسين بن علي بن أبي طالب بن عبد المطلب","Husaynid","Yahya","Husayn","Zayd","AKM_0144_IMAM4","AKM_0003_IMAM3","AKM_0001_IMAM1",NA,NA,7,"AKM_1188","Khadija","خديجة بنت موسى بن علي بن عمر بن علي بن الحسين بن علي بن أبي طالب","Quraysh","Husaynid","Musa","Ali","Umar","AKM_0144_IMAM4","AKM_0003_IMAM3","AKM_0001_IMAM1","Abu_Talib","Abd_alMuttalib",NA,"AKM_0236",7,"AKM_0254","Muhammad","محمد بن الحسن بن يحيى بن الحسين بن زيد بن علي بن الحسين بن علي بن أبي طالب بن عبد المطلب",8,"AKM_0236","AKM_1188"
"37",271,359,"AKM_0236","Hasan","الحسن بن يحيى بن الحسين بن زيد بن علي بن الحسين بن علي بن أبي طالب بن عبد المطلب","Husaynid","Yahya","Husayn","Zayd","AKM_0144_IMAM4","AKM_0003_IMAM3","AKM_0001_IMAM1",NA,NA,7,"AKM_1188","Khadija","خديجة بنت موسى بن علي بن عمر بن علي بن الحسين بن علي بن أبي طالب","Quraysh","Husaynid","Musa","Ali","Umar","AKM_0144_IMAM4","AKM_0003_IMAM3","AKM_0001_IMAM1","Abu_Talib","Abd_alMuttalib",NA,"AKM_0236",7,"AKM_0255","Zayd","زيد بن الحسن بن يحيى بن الحسين بن زيد بن علي بن الحسين بن علي بن أبي طالب بن عبد المطلب",8,"AKM_0236","AKM_1188"
"38",272,359,"AKM_0236","Hasan","الحسن بن يحيى بن الحسين بن زيد بن علي بن الحسين بن علي بن أبي طالب بن عبد المطلب","Husaynid","Yahya","Husayn","Zayd","AKM_0144_IMAM4","AKM_0003_IMAM3","AKM_0001_IMAM1",NA,NA,7,"AKM_1188","Khadija","خديجة بنت موسى بن علي بن عمر بن علي بن الحسين بن علي بن أبي طالب","Quraysh","Husaynid","Musa","Ali","Umar","AKM_0144_IMAM4","AKM_0003_IMAM3","AKM_0001_IMAM1","Abu_Talib","Abd_alMuttalib",NA,"AKM_0236",7,"AKM_0256","Husayn","الحسين بن الحسن بن يحيى بن الحسين بن زيد بن علي بن الحسين بن علي بن أبي طالب بن عبد المطلب",8,"AKM_0236","AKM_1188"
"39",275,359,"AKM_0237","Hamza","حمزة بن يحيى بن الحسين بن زيد بن علي بن الحسين بن علي بن أبي طالب بن عبد المطلب","Husaynd","Yahya","Husayn","Zayd","AKM_0144_IMAM4","AKM_0003_IMAM3","AKM_0001_IMAM1",NA,NA,7,"AKM_1189","Kulthum","كلثوم بنت عبد الله بن مسلم بن عبد الله بن محمد بن عقيل بن أبي طالب","Quraysh","Talibid","AbdAllah","Muslim","AbdAllah","Muhammad","Aqil","Abu_Talib","Abd_alMuttalib",NA,NA,"AKM_0237",6,"AKM_0257","Ali","علي بن حمزة بن يحيى بن الحسين بن زيد بن علي بن الحسين بن علي بن أبي طالب بن عبد المطلب",8,"AKM_0237","AKM_1189"
"40",276,359,"AKM_0237","Hamza","حمزة بن يحيى بن الحسين بن زيد بن علي بن الحسين بن علي بن أبي طالب بن عبد المطلب","Husaynd","Yahya","Husayn","Zayd","AKM_0144_IMAM4","AKM_0003_IMAM3","AKM_0001_IMAM1",NA,NA,7,NA,NA,NA,NA,NA,NA,NA,NA,NA,NA,NA,NA,NA,NA,"AKM_0237",NA,"AKM_0258","Muhammad","محمد بن حمزة بن يحيى بن الحسين بن زيد بن علي بن الحسين بن علي بن أبي طالب بن عبد المطلب",8,"AKM_0237",NA
"41",277,359,"AKM_0239","Qasim","القاسم بن يحيى بن الحسين بن زيد بن علي بن الحسين بن علي بن أبي طالب بن عبد المطلب","Husaynid","Yahya","Husayn","Zayd","AKM_0144_IMAM4","AKM_0003_IMAM3","AKM_0001_IMAM1",NA,NA,7,"AKM_1190","Sukayna","سكينة بنت زيد بن عيسى بن زيد بن علي بن الحسين بن علي بن أبي طالب","Quraysh","Quraysh","Zayd","Isa","Zayd","AKM_0144_IMAM4","AKM_0003_IMAM3","AKM_0001_IMAM1","Abu_Talib","Abd_alMuttalib",NA,"AKM_0239",7,"AKM_0259","Muhammad","محمد بن القاسم بن يحيى بن الحسين بن زيد بن علي بن الحسين بن علي بن أبي طالب بن عبد المطلب",8,"AKM_0239","AKM_1190"
"42",278,359,"AKM_0239","Qasim","القاسم بن يحيى بن الحسين بن زيد بن علي بن الحسين بن علي بن أبي طالب بن عبد المطلب","Husaynid","Yahya","Husayn","Zayd","AKM_0144_IMAM4","AKM_0003_IMAM3","AKM_0001_IMAM1",NA,NA,7,"AKM_1190","Sukayna","سكينة بنت زيد بن عيسى بن زيد بن علي بن الحسين بن علي بن أبي طالب","Quraysh","Quraysh","Zayd","Isa","Zayd","AKM_0144_IMAM4","AKM_0003_IMAM3","AKM_0001_IMAM1","Abu_Talib","Abd_alMuttalib",NA,"AKM_0239",7,"AKM_0260","Ali","علي بن القاسم بن يحيى بن الحسين بن زيد بن علي بن الحسين بن علي بن أبي طالب بن عبد المطلب",8,"AKM_0239","AKM_1190"
"43",279,359,"AKM_0238","Yahya","يحيى بن يحيى بن الحسين بن زيد بن علي بن الحسين بن علي بن أبي طالب بن عبد المطلب","Husaynid","Yahya","Husayn","Zayd","AKM_0144_IMAM4","AKM_0003_IMAM3","AKM_0001_IMAM1",NA,NA,7,"AKM_1191_UW","Umm_Walad","أم ولد",NA,NA,NA,NA,NA,NA,NA,NA,NA,NA,NA,"AKM_0238",NA,"AKM_0261","Husayn","الحسين بن يحيى بن يحيى بن الحسين بن زيد بن علي بن الحسين بن علي بن أبي طالب بن عبد المطلب",8,"AKM_0238","AKM_1191_UW"
"44",280,360,"AKM_0226","Ali","علي بن الحسين بن زيد بن علي بن الحسين بن علي بن أبي طالب بن عبد المطلب","Husaynid","Husayn","Zayd","AKM_0144_IMAM4","AKM_0003_IMAM3","AKM_0001_IMAM1","Abu_Talib",NA,NA,6,"AKM_1192","Fatima","فاطمة بنت إسماعيل بن محمد بن عبد الله بن علي بن الحسين بن علي بن أبي طالب","Quraysh","Quraysh","Ismail","Muhammad","AbdAllah","AKM_0144_IMAM4","AKM_0003_IMAM3","AKM_0001_IMAM1","Abu_Talib","Abd_alMuttalib",NA,"AKM_0226",7,"AKM_0262","Muhammad","محمد بن علي بن الحسين بن زيد بن علي بن الحسين بن علي بن أبي طالب بن عبد المطلب",7,"AKM_0226","AKM_1192"
"45",281,360,"AKM_0226","Ali","علي بن الحسين بن زيد بن علي بن الحسين بن علي بن أبي طالب بن عبد المطلب","Husaynid","Husayn","Zayd","AKM_0144_IMAM4","AKM_0003_IMAM3","AKM_0001_IMAM1","Abu_Talib",NA,NA,6,"AKM_1192","Fatima","فاطمة بنت إسماعيل بن محمد بن عبد الله بن علي بن الحسين بن علي بن أبي طالب","Quraysh","Quraysh","Ismail","Muhammad","AbdAllah","AKM_0144_IMAM4","AKM_0003_IMAM3","AKM_0001_IMAM1","Abu_Talib","Abd_alMuttalib",NA,"AKM_0226",7,"AKM_0263","Zayd","زيد بن علي بن الحسين بن زيد بن علي بن الحسين بن علي بن أبي طالب بن عبد المطلب",7,"AKM_0226","AKM_1192"
"46",282,360,"AKM_0262","Muhammad","محمد بن علي بن الحسين بن زيد بن علي بن الحسين بن علي بن أبي طالب بن عبد المطلب","Husaynid","Ali","Husayn","Zayd","AKM_0144_IMAM4","AKM_0003_IMAM3","AKM_0001_IMAM1",NA,NA,7,"AKM_1193_UW","Umm_Walad","أم ولد",NA,NA,NA,NA,NA,NA,NA,NA,NA,NA,NA,"AKM_0262",NA,"AKM_0264","Ismail","إسماعيل بن محمد بن علي بن الحسين بن زيد بن علي بن الحسين بن علي بن أبي طالب بن عبد المطلب",8,"AKM_0262","AKM_1193_UW"
"47",283,360,"AKM_0262","Muhammad","محمد بن علي بن الحسين بن زيد بن علي بن الحسين بن علي بن أبي طالب بن عبد المطلب","Husaynid","Ali","Husayn","Zayd","AKM_0144_IMAM4","AKM_0003_IMAM3","AKM_0001_IMAM1",NA,NA,7,"AKM_1194","Kulthum","كلثوم بنت محمد بن إسماعيل بن محمد بن عبد الله بن علي بن الحسين بن علي بن أبي طالب","Quraysh","Husaynid","Muhammad","Ismail","Muhammad","AbdAllah","AKM_0144_IMAM4","AKM_0003_IMAM3","AKM_0001_IMAM1","Abu_Talib","Abd_alMuttalib","AKM_0262",8,"AKM_0265","Jafar","جعفربن محمد بن علي بن الحسين بن زيد بن علي بن الحسين بن علي بن أبي طالب بن عبد المطلب",8,"AKM_0262","AKM_1194"
"48",284,360,"AKM_0262","Muhammad","محمد بن علي بن الحسين بن زيد بن علي بن الحسين بن علي بن أبي طالب بن عبد المطلب","Husaynid","Ali","Husayn","Zayd","AKM_0144_IMAM4","AKM_0003_IMAM3","AKM_0001_IMAM1",NA,NA,7,"AKM_1195_UW","Umm_Walad","أم ولد",NA,NA,NA,NA,NA,NA,NA,NA,NA,NA,NA,"AKM_0262",NA,"AKM_0266","Husayn","الحسين بن محمد بن علي بن الحسين بن زيد بن علي بن الحسين بن علي بن أبي طالب بن عبد المطلب",8,"AKM_0262","AKM_1195_UW"
"49",285,360,"AKM_0263","Zayd","زيد بن علي بن الحسين بن زيد بن علي بن الحسين بن علي بن أبي طالب بن عبد المطلب","Husaynid","Ali","Husayn","Zayd","AKM_0144_IMAM4","AKM_0003_IMAM3","AKM_0001_IMAM1",NA,NA,7,"AKM_1196_UW","Umm_Walad","أم ولد",NA,NA,NA,NA,NA,NA,NA,NA,NA,NA,NA,"AKM_0263",NA,"AKM_0267","Muhammad","محمد بن زيد بن علي بن الحسين بن زيد بن علي بن الحسين بن علي بن أبي طالب بن عبد المطلب",8,"AKM_0263","AKM_1196_UW"
"50",286,360,"AKM_0263","Zayd","زيد بن علي بن الحسين بن زيد بن علي بن الحسين بن علي بن أبي طالب بن عبد المطلب","Husaynid","Ali","Husayn","Zayd","AKM_0144_IMAM4","AKM_0003_IMAM3","AKM_0001_IMAM1",NA,NA,7,"AKM_1196_UW","Umm_Walad","أم ولد",NA,NA,NA,NA,NA,NA,NA,NA,NA,NA,NA,"AKM_0263",NA,"AKM_0268","Husayn","الحسين بن زيد بن علي بن الحسين بن زيد بن علي بن الحسين بن علي بن أبي طالب بن عبد المطلب",8,"AKM_0263","AKM_1196_UW"
"51",287,360,"AKM_0263","Zayd","زيد بن علي بن الحسين بن زيد بن علي بن الحسين بن علي بن أبي طالب بن عبد المطلب","Husaynid","Ali","Husayn","Zayd","AKM_0144_IMAM4","AKM_0003_IMAM3","AKM_0001_IMAM1",NA,NA,7,"AKM_1197_UW","Umm_Walad","أم ولد",NA,NA,NA,NA,NA,NA,NA,NA,NA,NA,NA,"AKM_0263",NA,"AKM_0269","Ali","علي بن زيد بن علي بن الحسين بن زيد بن علي بن الحسين بن علي بن أبي طالب بن عبد المطلب",8,"AKM_0263","AKM_1197_UW"
"52",288,361,"AKM_0227","Muhammad","محمد بن الحسين بن زيد بن علي بن الحسين بن علي بن أبي طالب بن عبد المطلب","Husaynid","Husayn","Zayd","AKM_0144_IMAM4","AKM_0003_IMAM3","AKM_0001_IMAM1","Abu_Talib",NA,NA,6,"AKM_1198","Fatima","قاطمة بنت محمد بن زيد بن علي بن الحسين بن علي بن أبي طالب","Quraysh","Husaynid","Muhammad","Zayd","AKM_0144_IMAM4","AKM_0003_IMAM3","AKM_0001_IMAM1","Abu_Talib","Abd_alMuttalib",NA,NA,"AKM_0227",6,"AKM_0270","Muhammad","محمد بن محمد بن الحسين بن زيد بن علي بن الحسين بن علي بن أبي طالب بن عبد المطلب",7,"AKM_0227","AKM_1198"
"53",289,361,"AKM_0223","Muhammad","محمد بن زيد بن علي بن الحسين بن علي بن أبي طالب بن عبد المطلب","Husaynid","Zayd","AKM_0144_IMAM4","AKM_0003_IMAM3","AKM_0001_IMAM1","Abu_Talib","Abd_alMuttalib",NA,NA,5,NA,NA,NA,NA,NA,NA,NA,NA,NA,NA,NA,NA,NA,NA,"AKM_0223",NA,"AKM_1198","Fatima","قاطمة بنت محمد بن زيد بن علي بن الحسين بن علي بن أبي طالب",6,"AKM_0223",NA
"54",290,361,"AKM_0228","AbdAllah","عبد الله بن الحسين بن زيد بن علي بن الحسين بن علي بن أبي طالب بن عبد المطلب","Husaynid","Husayn","Zayd","AKM_0144_IMAM4","AKM_0003_IMAM3","AKM_0001_IMAM1","Abu_Talib",NA,NA,6,"AKM_1199_UW","Umm_Walad","أم ولد",NA,NA,NA,NA,NA,NA,NA,NA,NA,NA,NA,"AKM_0228",NA,"AKM_1199","Muhammad","محمد بن عبد الله بن الحسين بن زيد بن علي بن الحسين بن علي بن أبي طالب بن عبد المطلب",7,"AKM_0228","AKM_1199_UW"
"55",291,361,"AKM_0228","AbdAllah","عبد الله بن الحسين بن زيد بن علي بن الحسين بن علي بن أبي طالب بن عبد المطلب","Husaynid","Husayn","Zayd","AKM_0144_IMAM4","AKM_0003_IMAM3","AKM_0001_IMAM1","Abu_Talib",NA,NA,6,"AKM_1200","Ubayda","عبيدة بنت عمر بن علي بن عمر بن علي بن الحسين بن علي بن أبي طالب","Quraysh","Husaynid","Umar","Ali","Umar","AKM_0144_IMAM4","AKM_0003_IMAM3","AKM_0001_IMAM1","Abu_Talib","Abd_alMuttalib",NA,"AKM_0228",7,"AKM_0271","Ahmad","أحمد بن عبد الله بن الحسين بن زيد بن علي بن الحسين بن علي بن أبي طالب بن عبد المطلب",7,"AKM_0228","AKM_1200"
"56",292,361,"AKM_0229","Qasim","القاسم بن الحسين بن زيد بن علي بن الحسين بن علي بن أبي طالب بن عبد المطلب","Husaynid","Husayn","Zayd","AKM_0144_IMAM4","AKM_0003_IMAM3","AKM_0001_IMAM1","Abu_Talib",NA,NA,6,"AKM_1201","Umm_Muhammad","أم محمد بنت سليمان بن محمد بن سليمان بن ... بن الحسن بن علي بن أبي طالب","Quraysh","Hasanid","Sulayman","Muhammad","Sulayman",NA,"AKM_0002_IMAM2","AKM_0001_IMAM1","Abu_Talib","Abd_alMuttalib",NA,"AKM_0229",7,"AKM_0272","Muhammad","محمد بن القاسم بن الحسين بن زيد بن علي بن الحسين بن علي بن أبي طالب بن عبد المطلب",7,"AKM_0229","AKM_1201"
"57",293,361,"AKM_0229","Qasim","القاسم بن الحسين بن زيد بن علي بن الحسين بن علي بن أبي طالب بن عبد المطلب","Husaynid","Husayn","Zayd","AKM_0144_IMAM4","AKM_0003_IMAM3","AKM_0001_IMAM1","Abu_Talib",NA,NA,6,"AKM_1201","Umm_Muhammad","أم محمد بنت سليمان بن محمد بن سليمان بن ... بن الحسن بن علي بن أبي طالب","Quraysh","Hasanid","Sulayman","Muhammad","Sulayman",NA,"AKM_0002_IMAM2","AKM_0001_IMAM1","Abu_Talib","Abd_alMuttalib",NA,"AKM_0229",7,"AKM_0273","Zayd","زيد بن القاسم بن الحسين بن زيد بن علي بن الحسين بن علي بن أبي طالب بن عبد المطلب",7,"AKM_0229","AKM_1201"
"58",294,362,"AKM_0230","Husayn","الحسين بن الحسين بن زيد بن علي بن الحسين بن علي بن أبي طالب بن عبد المطلب","Husaynid","Husayn","Zayd","AKM_0144_IMAM4","AKM_0003_IMAM3","AKM_0001_IMAM1","Abu_Talib",NA,NA,6,"AKM_1202_UW","Umm_Walad","أم ولد",NA,NA,NA,NA,NA,NA,NA,NA,NA,NA,NA,"AKM_0230",NA,"AKM_0274","Ali","علي بن الحسين بن الحسين بن زيد بن علي بن الحسين بن علي بن أبي طالب بن عبد المطلب",7,"AKM_0230","AKM_1202_UW"
"59",295,362,"AKM_0230","Husayn","الحسين بن الحسين بن زيد بن علي بن الحسين بن علي بن أبي طالب بن عبد المطلب","Husaynid","Husayn","Zayd","AKM_0144_IMAM4","AKM_0003_IMAM3","AKM_0001_IMAM1","Abu_Talib",NA,NA,6,"AKM_1202_UW","Umm_Walad","أم ولد",NA,NA,NA,NA,NA,NA,NA,NA,NA,NA,NA,"AKM_0230",NA,"AKM_0275","Yahya","يحيى بن الحسين بن الحسين بن زيد بن علي بن الحسين بن علي بن أبي طالب بن عبد المطلب",7,"AKM_0230","AKM_1202_UW"
"60",296,362,"AKM_0230","Husayn","الحسين بن الحسين بن زيد بن علي بن الحسين بن علي بن أبي طالب بن عبد المطلب","Husaynid","Husayn","Zayd","AKM_0144_IMAM4","AKM_0003_IMAM3","AKM_0001_IMAM1","Abu_Talib",NA,NA,6,"AKM_1203_UW","Umm_Walad","أم ولد",NA,NA,NA,NA,NA,NA,NA,NA,NA,NA,NA,"AKM_0230",NA,"AKM_0276","Muhammad","محمد بن الحسين بن الحسين بن زيد بن علي بن الحسين بن علي بن أبي طالب بن عبد المطلب",7,"AKM_0230","AKM_1203_UW"
"61",297,362,"AKM_0222","Isa","عيسى بن زيد بن علي بن الحسين بن علي بن أبي طالب بن عبد المطلب","Husaynid","Zayd","AKM_0144_IMAM4","AKM_0003_IMAM3","AKM_0001_IMAM1","Abu_Talib",NA,NA,NA,5,"AKM_1204","Ubayda","عبيدة بنت عمر بن علي بن الحسين بن علي بن أبي طالب","Quraysh","Husaynid","Umar ","AKM_0144_IMAM4","AKM_0003_IMAM3","AKM_0001_IMAM1","Abu_Talib","Abd_alMuttalib",NA,NA,NA,"AKM_0222",5,"AKM_0277","Husayn","الحسين بن عيسى بن زيد بن علي بن الحسين بن علي بن أبي طالب بن عبد المطلب",6,"AKM_0222","AKM_1204"
"62",298,362,"AKM_0222","Isa","عيسى بن زيد بن علي بن الحسين بن علي بن أبي طالب بن عبد المطلب","Husaynid","Zayd","AKM_0144_IMAM4","AKM_0003_IMAM3","AKM_0001_IMAM1","Abu_Talib",NA,NA,NA,5,"AKM_1204","Ubayda","عبيدة بنت عمر بن علي بن الحسين بن علي بن أبي طالب","Quraysh","Husaynid","Umar ","AKM_0144_IMAM4","AKM_0003_IMAM3","AKM_0001_IMAM1","Abu_Talib","Abd_alMuttalib",NA,NA,NA,"AKM_0222",5,"AKM_0278","Muhammad","محمد بن عيسى بن زيد بن علي بن الحسين بن علي بن أبي طالب بن عبد المطلب",6,"AKM_0222","AKM_1204"
"63",299,362,"AKM_0222","Isa","عيسى بن زيد بن علي بن الحسين بن علي بن أبي طالب بن عبد المطلب","Husaynid","Zayd","AKM_0144_IMAM4","AKM_0003_IMAM3","AKM_0001_IMAM1","Abu_Talib",NA,NA,NA,5,"AKM_1205_UW","Umm_Walad","أم ولد",NA,NA,NA,NA,NA,NA,NA,NA,NA,NA,NA,"AKM_0222",NA,"AKM_0279","Zayd","زيد بن عيسى بن زيد بن علي بن الحسين بن علي بن أبي طالب بن عبد المطلب",6,"AKM_0222","AKM_1205_UW"
"64",300,362,"AKM_0222","Isa","عيسى بن زيد بن علي بن الحسين بن علي بن أبي طالب بن عبد المطلب","Husaynid","Zayd","AKM_0144_IMAM4","AKM_0003_IMAM3","AKM_0001_IMAM1","Abu_Talib",NA,NA,NA,5,"AKM_1206","Atika","عاتكة بنت الفضل بن عبد الرحمن بن العباس بن ربيعة بن الحارث بن عبد المطلب","Quraysh","CHECK","Fadl","AbdalRahman","Abbas","Rabia","Harith","Abd_alMuttalib",NA,NA,NA,"AKM_0222",5,"AKM_0280","Ahmad","أحمد بن عيسى بن زيد بن علي بن الحسين بن علي بن أبي طالب بن عبد المطلب",6,"AKM_0222","AKM_1206"
"65",301,363,"AKM_0277","Husayn","الحسين بن عيسى بن زيد بن علي بن الحسين بن علي بن أبي طالب بن عبد المطلب","Husaynid","Isa","Zayd","AKM_0144_IMAM4","AKM_0003_IMAM3","AKM_0001_IMAM1","Abu_Talib",NA,NA,6,"AKM_1207","Mathura?","مطهرة بنت علي بن صالح بن حي الهمدني",NA,"Hamadani","Ali","Salih","Hayy",NA,NA,NA,NA,NA,NA,"AKM_0277",NA,"AKM_0281","Ali","علي بن الحسين بن عيسى بن زيد بن علي بن الحسين بن علي بن أبي طالب بن عبد المطلب",7,"AKM_0277","AKM_1207"
"66",302,363,"AKM_0277","Husayn","الحسين بن عيسى بن زيد بن علي بن الحسين بن علي بن أبي طالب بن عبد المطلب","Husaynid","Isa","Zayd","AKM_0144_IMAM4","AKM_0003_IMAM3","AKM_0001_IMAM1","Abu_Talib",NA,NA,6,"AKM_1208_UW","Umm_Walad","أم ولد شتى",NA,NA,NA,NA,NA,NA,NA,NA,NA,NA,NA,"AKM_0277",NA,"AKM_0282","Muhammad","محمد بن الحسين بن عيسى بن زيد بن علي بن الحسين بن علي بن أبي طالب بن عبد المطلب",7,"AKM_0277","AKM_1208_UW"
"67",303,363,"AKM_0277","Husayn","الحسين بن عيسى بن زيد بن علي بن الحسين بن علي بن أبي طالب بن عبد المطلب","Husaynid","Isa","Zayd","AKM_0144_IMAM4","AKM_0003_IMAM3","AKM_0001_IMAM1","Abu_Talib",NA,NA,6,"AKM_1209_UW","Umm_Walad","أم ولد شتى",NA,NA,NA,NA,NA,NA,NA,NA,NA,NA,NA,"AKM_0277",NA,"AKM_0283","Zayd","زيد بن الحسين بن عيسى بن زيد بن علي بن الحسين بن علي بن أبي طالب بن عبد المطلب",7,"AKM_0277","AKM_1209_UW"
"68",304,363,"AKM_0277","Husayn","الحسين بن عيسى بن زيد بن علي بن الحسين بن علي بن أبي طالب بن عبد المطلب","Husaynid","Isa","Zayd","AKM_0144_IMAM4","AKM_0003_IMAM3","AKM_0001_IMAM1","Abu_Talib",NA,NA,6,"AKM_1210_UW","Umm_Walad","أم ولد شتى",NA,NA,NA,NA,NA,NA,NA,NA,NA,NA,NA,"AKM_0277",NA,"AKM_0284","Ahmad","أحمد بن الحسين بن عيسى بن زيد بن علي بن الحسين بن علي بن أبي طالب بن عبد المطلب",7,"AKM_0277","AKM_1210_UW"
"69",305,353,"AKM_0277","Husayn","الحسين بن عيسى بن زيد بن علي بن الحسين بن علي بن أبي طالب بن عبد المطلب","Husaynid","Isa","Zayd","AKM_0144_IMAM4","AKM_0003_IMAM3","AKM_0001_IMAM1","Abu_Talib",NA,NA,6,NA,NA,NA,NA,NA,NA,NA,NA,NA,NA,NA,NA,NA,NA,"AKM_0277",NA,"AKM_1164","Ulayya","علية بنت الحسين بن عيسى بن زيد بن علي بن الحسين بن علي بن أبي طالب",7,"AKM_0277",NA
"70",306,363,"AKM_0278","Muhammad","محمد بن عيسى بن زيد بن علي بن الحسين بن علي بن أبي طالب بن عبد المطلب","Husaynid","Isa","Zayd","AKM_0144_IMAM4","AKM_0003_IMAM3","AKM_0001_IMAM1","Abu_Talib",NA,NA,6,NA,NA,NA,NA,NA,NA,NA,NA,NA,NA,NA,NA,NA,NA,"AKM_0278",NA,"AKM_0285","Ali","علي بن محمد بن عيسى بن زيد بن علي بن الحسين بن علي بن أبي طالب بن عبد المطلب",7,"AKM_0278",NA
"71",307,364,"AKM_0249","Zayd","زيد بن عيسى بن زيد بن علي بن الحسين بن علي بن أبي طالب بن عبد المطلب","Husaynid","Isa","Zayd","AKM_0144_IMAM4","AKM_0003_IMAM3","AKM_0001_IMAM1","Abu_Talib",NA,NA,6,"AKM_1211_UW","Umm_Walad","أم ولد",NA,NA,NA,NA,NA,NA,NA,NA,NA,NA,NA,"AKM_0249",NA,"AKM_0286","Muhammad","محمد بن زيد بن عيسى بن زيد بن علي بن الحسين بن علي بن أبي طالب بن عبد المطلب",7,"AKM_0249","AKM_1211_UW"
"72",308,358,"AKM_0249","Zayd","زيد بن عيسى بن زيد بن علي بن الحسين بن علي بن أبي طالب بن عبد المطلب","Husaynid","Isa","Zayd","AKM_0144_IMAM4","AKM_0003_IMAM3","AKM_0001_IMAM1","Abu_Talib",NA,NA,6,NA,NA,NA,NA,NA,NA,NA,NA,NA,NA,NA,NA,NA,NA,"AKM_0249",NA,"AKM_1185","Kulthum","كلثوم بنت زيد بن عيسى بن زيد بن علي الحسين بن علي بن أبي طالب",7,"AKM_0249",NA
"73",309,364,"AKM_0286","Muhammad","محمد بن زيد بن عيسى بن زيد بن علي بن الحسين بن علي بن أبي طالب بن عبد المطلب","Husaynid","Zayd","Isa","Zayd","AKM_0144_IMAM4","AKM_0003_IMAM3","AKM_0001_IMAM1",NA,NA,7,"AKM_1212","hitaka?","هتاكة بنت خلف من ال عمرو بن حريث","Quraysh","Makhzum","Khalaf",NA,NA,NA,NA,NA,NA,NA,NA,"AKM_0286",NA,"AKM_0287","Jafar","جعفربن محمد بن زيد بن عيسى بن زيد بن علي بن الحسين بن علي بن أبي طالب بن عبد المطلب",8,"AKM_0286","AKM_1212"
"74",310,364,"AKM_0287","Jafar","جعفربن محمد بن زيد بن عيسى بن زيد بن علي بن الحسين بن علي بن أبي طالب بن عبد المطلب","Husaynid","Muhammad","Zayd","Isa","Zayd","AKM_0144_IMAM4","AKM_0003_IMAM3",NA,NA,8,"AKM_1213","Umm_Ali","أم علي بنت يحيى بن الحسين بن زيد بن علي بن الحسين بن علي بن أبي طالب","Quraysh","Husaynid","Yahya","Husayn","Zayd","AKM_0144_IMAM4","AKM_0003_IMAM3","AKM_0001_IMAM1","Abu_Talib","Abd_alMuttalib",NA,"AKM_0287",7,"AKM_0288","Muhammad","محمد بن جعفربن محمد بن زيد بن عيسى بن زيد بن علي بن الحسين بن علي بن أبي طالب بن عبد المطلب",9,"AKM_0287","AKM_1213"
"75",311,365,"AKM_0287","Jafar","جعفربن محمد بن زيد بن عيسى بن زيد بن علي بن الحسين بن علي بن أبي طالب بن عبد المطلب","Husaynid","Muhammad","Zayd","Isa","Zayd","AKM_0144_IMAM4","AKM_0003_IMAM3",NA,NA,8,"AKM_1214_UW","Umm_Walad","أم ولد شتى",NA,NA,NA,NA,NA,NA,NA,NA,NA,NA,NA,"AKM_0287",NA,"AKM_0289","Ahmad","أحمد بن محمد بن جعفربن محمد بن زيد بن عيسى بن زيد بن علي بن الحسين بن علي بن أبي طالب بن عبد المطلب",9,"AKM_0287","AKM_1214_UW"
"76",312,365,"AKM_0287","Jafar","جعفربن محمد بن زيد بن عيسى بن زيد بن علي بن الحسين بن علي بن أبي طالب بن عبد المطلب","Husaynid","Muhammad","Zayd","Isa","Zayd","AKM_0144_IMAM4","AKM_0003_IMAM3",NA,NA,8,"AKM_1215_UW","Umm_Walad","أم ولد شتى",NA,NA,NA,NA,NA,NA,NA,NA,NA,NA,NA,"AKM_0287",NA,"AKM_0290",NA,"... بن محمد بن جعفربن محمد بن زيد بن عيسى بن زيد بن علي بن الحسين بن علي بن أبي طالب بن عبد المطلب",9,"AKM_0287","AKM_1215_UW"
"77",313,365,"AKM_0287","Jafar","جعفربن محمد بن زيد بن عيسى بن زيد بن علي بن الحسين بن علي بن أبي طالب بن عبد المطلب","Husaynid","Muhammad","Zayd","Isa","Zayd","AKM_0144_IMAM4","AKM_0003_IMAM3",NA,NA,8,"AKM_1216_UW","Umm_Walad","أم ولد شتى",NA,NA,NA,NA,NA,NA,NA,NA,NA,NA,NA,"AKM_0287",NA,"AKM_0291","Qasim","القاسم بن محمد بن جعفربن محمد بن زيد بن عيسى بن زيد بن علي بن الحسين بن علي بن أبي طالب بن عبد المطلب",9,"AKM_0287","AKM_1216_UW"
"78",314,365,"AKM_0287","Jafar","جعفربن محمد بن زيد بن عيسى بن زيد بن علي بن الحسين بن علي بن أبي طالب بن عبد المطلب","Husaynid","Muhammad","Zayd","Isa","Zayd","AKM_0144_IMAM4","AKM_0003_IMAM3",NA,NA,8,"AKM_1217_UW","Umm_Walad","أم ولد شتى",NA,NA,NA,NA,NA,NA,NA,NA,NA,NA,NA,"AKM_0287",NA,"AKM_0292","Musa","موسى بن محمد بن جعفربن محمد بن زيد بن عيسى بن زيد بن علي بن الحسين بن علي بن أبي طالب بن عبد المطلب",9,"AKM_0287","AKM_1217_UW"
